time,open,high,low,close,volume,is_complete,candle_source
2025-02-04 00:00:00+00:00,"{'units': 685, 'nano': 0}","{'units': 692, 'nano': 0}","{'units': 684, 'nano': 0}","{'units': 685, 'nano': 800000000}",22376,True,1
2025-02-05 00:00:00+00:00,"{'units': 683, 'nano': 800000000}","{'units': 684, 'nano': 0}","{'units': 646, 'nano': 400000000}","{'units': 652, 'nano': 600000000}",186753,True,1
2025-02-06 00:00:00+00:00,"{'units': 660, 'nano': 800000000}","{'units': 692, 'nano': 0}","{'units': 652, 'nano': 600000000}","{'units': 687, 'nano': 0}",251849,True,1
2025-02-07 00:00:00+00:00,"{'units': 687, 'nano': 0}","{'units': 687, 'nano': 0}","{'units': 674, 'nano': 200000000}","{'units': 680, 'nano': 800000000}",86779,True,1
2025-02-10 00:00:00+00:00,"{'units': 680, 'nano': 800000000}","{'units': 695, 'nano': 800000000}","{'units': 680, 'nano': 800000000}","{'units': 688, 'nano': 0}",73027,True,1
2025-02-11 00:00:00+00:00,"{'units': 691, 'nano': 0}","{'units': 718, 'nano': 600000000}","{'units': 688, 'nano': 0}","{'units': 702, 'nano': 0}",259848,True,1
2025-02-12 00:00:00+00:00,"{'units': 708, 'nano': 800000000}","{'units': 747, 'nano': 0}","{'units': 697, 'nano': 600000000}","{'units': 712, 'nano': 200000000}",282638,True,1
2025-02-13 00:00:00+00:00,"{'units': 723, 'nano': 400000000}","{'units': 745, 'nano': 0}","{'units': 695, 'nano': 0}","{'units': 703, 'nano': 800000000}",132007,True,1
2025-02-14 00:00:00+00:00,"{'units': 708, 'nano': 0}","{'units': 712, 'nano': 0}","{'units': 683, 'nano': 0}","{'units': 696, 'nano': 600000000}",104269,True,1
2025-02-17 00:00:00+00:00,"{'units': 702, 'nano': 0}","{'units': 710, 'nano': 0}","{'units': 700, 'nano': 200000000}","{'units': 702, 'nano': 0}",54742,True,1
2025-02-18 00:00:00+00:00,"{'units': 700, 'nano': 200000000}","{'units': 700, 'nano': 200000000}","{'units': 686, 'nano': 200000000}","{'units': 689, 'nano': 600000000}",82961,True,1
2025-02-19 00:00:00+00:00,"{'units': 691, 'nano': 200000000}","{'units': 697, 'nano': 0}","{'units': 676, 'nano': 600000000}","{'units': 686, 'nano': 0}",57244,True,1
2025-02-20 00:00:00+00:00,"{'units': 689, 'nano': 600000000}","{'units': 698, 'nano': 600000000}","{'units': 688, 'nano': 0}","{'units': 691, 'nano': 0}",34464,True,1
2025-02-21 00:00:00+00:00,"{'units': 694, 'nano': 0}","{'units': 695, 'nano': 400000000}","{'units': 689, 'nano': 800000000}","{'units': 691, 'nano': 0}",41721,True,1
2025-02-24 00:00:00+00:00,"{'units': 693, 'nano': 200000000}","{'units': 698, 'nano': 600000000}","{'units': 680, 'nano': 0}","{'units': 688, 'nano': 800000000}",89715,True,1
2025-02-25 00:00:00+00:00,"{'units': 693, 'nano': 0}","{'units': 718, 'nano': 0}","{'units': 692, 'nano': 0}","{'units': 700, 'nano': 200000000}",214526,True,1
2025-02-26 00:00:00+00:00,"{'units': 705, 'nano': 600000000}","{'units': 714, 'nano': 600000000}","{'units': 680, 'nano': 0}","{'units': 691, 'nano': 200000000}",92661,True,1
2025-02-27 00:00:00+00:00,"{'units': 691, 'nano': 200000000}","{'units': 694, 'nano': 800000000}","{'units': 677, 'nano': 600000000}","{'units': 691, 'nano': 400000000}",63964,True,1
2025-02-28 00:00:00+00:00,"{'units': 690, 'nano': 0}","{'units': 691, 'nano': 0}","{'units': 678, 'nano': 600000000}","{'units': 686, 'nano': 400000000}",31371,True,1
2025-03-03 00:00:00+00:00,"{'units': 684, 'nano': 800000000}","{'units': 691, 'nano': 400000000}","{'units': 665, 'nano': 0}","{'units': 684, 'nano': 400000000}",81523,True,1
2025-03-04 00:00:00+00:00,"{'units': 691, 'nano': 0}","{'units': 691, 'nano': 600000000}","{'units': 681, 'nano': 600000000}","{'units': 685, 'nano': 200000000}",36577,True,1
2025-03-05 00:00:00+00:00,"{'units': 685, 'nano': 600000000}","{'units': 699, 'nano': 0}","{'units': 685, 'nano': 600000000}","{'units': 692, 'nano': 600000000}",43786,True,1
2025-03-06 00:00:00+00:00,"{'units': 692, 'nano': 0}","{'units': 693, 'nano': 800000000}","{'units': 671, 'nano': 0}","{'units': 674, 'nano': 200000000}",53505,True,1
2025-03-07 00:00:00+00:00,"{'units': 675, 'nano': 600000000}","{'units': 684, 'nano': 600000000}","{'units': 671, 'nano': 400000000}","{'units': 674, 'nano': 600000000}",30475,True,1
2025-03-10 00:00:00+00:00,"{'units': 676, 'nano': 0}","{'units': 688, 'nano': 0}","{'units': 674, 'nano': 600000000}","{'units': 679, 'nano': 600000000}",41304,True,1
2025-03-11 00:00:00+00:00,"{'units': 679, 'nano': 0}","{'units': 682, 'nano': 600000000}","{'units': 661, 'nano': 200000000}","{'units': 670, 'nano': 200000000}",95597,True,1
2025-03-12 00:00:00+00:00,"{'units': 666, 'nano': 0}","{'units': 675, 'nano': 200000000}","{'units': 660, 'nano': 0}","{'units': 661, 'nano': 400000000}",70107,True,1
2025-03-13 00:00:00+00:00,"{'units': 664, 'nano': 0}","{'units': 664, 'nano': 0}","{'units': 649, 'nano': 400000000}","{'units': 652, 'nano': 600000000}",47165,True,1
2025-03-14 00:00:00+00:00,"{'units': 657, 'nano': 400000000}","{'units': 663, 'nano': 600000000}","{'units': 651, 'nano': 600000000}","{'units': 663, 'nano': 200000000}",36020,True,1
2025-03-17 00:00:00+00:00,"{'units': 664, 'nano': 400000000}","{'units': 682, 'nano': 600000000}","{'units': 662, 'nano': 800000000}","{'units': 677, 'nano': 200000000}",87563,True,1
2025-03-18 00:00:00+00:00,"{'units': 680, 'nano': 0}","{'units': 685, 'nano': 0}","{'units': 665, 'nano': 600000000}","{'units': 668, 'nano': 0}",36490,True,1
2025-03-19 00:00:00+00:00,"{'units': 668, 'nano': 0}","{'units': 670, 'nano': 0}","{'units': 654, 'nano': 600000000}","{'units': 667, 'nano': 0}",34288,True,1
2025-03-20 00:00:00+00:00,"{'units': 667, 'nano': 800000000}","{'units': 670, 'nano': 600000000}","{'units': 651, 'nano': 400000000}","{'units': 656, 'nano': 0}",51204,True,1
2025-03-21 00:00:00+00:00,"{'units': 658, 'nano': 0}","{'units': 663, 'nano': 400000000}","{'units': 641, 'nano': 200000000}","{'units': 653, 'nano': 0}",79866,True,1
2025-03-24 00:00:00+00:00,"{'units': 652, 'nano': 400000000}","{'units': 653, 'nano': 800000000}","{'units': 637, 'nano': 600000000}","{'units': 639, 'nano': 600000000}",38834,True,1
2025-03-25 00:00:00+00:00,"{'units': 640, 'nano': 200000000}","{'units': 648, 'nano': 600000000}","{'units': 631, 'nano': 600000000}","{'units': 640, 'nano': 0}",85241,True,1
2025-03-26 00:00:00+00:00,"{'units': 641, 'nano': 200000000}","{'units': 646, 'nano': 600000000}","{'units': 631, 'nano': 200000000}","{'units': 633, 'nano': 0}",33435,True,1
2025-03-27 00:00:00+00:00,"{'units': 626, 'nano': 400000000}","{'units': 649, 'nano': 600000000}","{'units': 620, 'nano': 400000000}","{'units': 636, 'nano': 200000000}",65070,True,1
2025-03-28 00:00:00+00:00,"{'units': 636, 'nano': 0}","{'units': 651, 'nano': 0}","{'units': 630, 'nano': 0}","{'units': 641, 'nano': 600000000}",50804,True,1
2025-03-31 00:00:00+00:00,"{'units': 641, 'nano': 800000000}","{'units': 653, 'nano': 400000000}","{'units': 637, 'nano': 600000000}","{'units': 642, 'nano': 800000000}",45117,True,1
2025-04-01 00:00:00+00:00,"{'units': 643, 'nano': 400000000}","{'units': 649, 'nano': 0}","{'units': 638, 'nano': 600000000}","{'units': 638, 'nano': 600000000}",34012,True,1
2025-04-02 00:00:00+00:00,"{'units': 642, 'nano': 200000000}","{'units': 642, 'nano': 600000000}","{'units': 627, 'nano': 600000000}","{'units': 630, 'nano': 800000000}",25791,True,1
2025-04-03 00:00:00+00:00,"{'units': 631, 'nano': 200000000}","{'units': 638, 'nano': 0}","{'units': 600, 'nano': 0}","{'units': 600, 'nano': 0}",115312,True,1
2025-04-04 00:00:00+00:00,"{'units': 603, 'nano': 800000000}","{'units': 611, 'nano': 600000000}","{'units': 571, 'nano': 400000000}","{'units': 578, 'nano': 200000000}",88014,True,1
2025-04-07 00:00:00+00:00,"{'units': 552, 'nano': 0}","{'units': 587, 'nano': 0}","{'units': 534, 'nano': 200000000}","{'units': 577, 'nano': 200000000}",103666,True,1
2025-04-08 00:00:00+00:00,"{'units': 580, 'nano': 600000000}","{'units': 589, 'nano': 600000000}","{'units': 560, 'nano': 600000000}","{'units': 569, 'nano': 400000000}",40443,True,1
2025-04-09 00:00:00+00:00,"{'units': 573, 'nano': 600000000}","{'units': 580, 'nano': 0}","{'units': 553, 'nano': 600000000}","{'units': 569, 'nano': 600000000}",99427,True,1
2025-04-10 00:00:00+00:00,"{'units': 580, 'nano': 0}","{'units': 609, 'nano': 600000000}","{'units': 576, 'nano': 400000000}","{'units': 592, 'nano': 600000000}",98593,True,1
2025-04-11 00:00:00+00:00,"{'units': 598, 'nano': 600000000}","{'units': 610, 'nano': 200000000}","{'units': 598, 'nano': 600000000}","{'units': 605, 'nano': 200000000}",41481,True,1
2025-04-14 00:00:00+00:00,"{'units': 609, 'nano': 400000000}","{'units': 620, 'nano': 200000000}","{'units': 595, 'nano': 0}","{'units': 607, 'nano': 800000000}",59454,True,1
2025-04-15 00:00:00+00:00,"{'units': 609, 'nano': 0}","{'units': 613, 'nano': 400000000}","{'units': 607, 'nano': 600000000}","{'units': 612, 'nano': 800000000}",15604,True,1
2025-04-16 00:00:00+00:00,"{'units': 612, 'nano': 0}","{'units': 623, 'nano': 0}","{'units': 605, 'nano': 200000000}","{'units': 621, 'nano': 400000000}",23815,True,1
2025-04-17 00:00:00+00:00,"{'units': 622, 'nano': 0}","{'units': 649, 'nano': 0}","{'units': 621, 'nano': 600000000}","{'units': 643, 'nano': 0}",62177,True,1
2025-04-18 00:00:00+00:00,"{'units': 643, 'nano': 0}","{'units': 643, 'nano': 600000000}","{'units': 631, 'nano': 800000000}","{'units': 635, 'nano': 600000000}",19225,True,1
2025-04-21 00:00:00+00:00,"{'units': 639, 'nano': 200000000}","{'units': 643, 'nano': 0}","{'units': 636, 'nano': 0}","{'units': 643, 'nano': 0}",17916,True,1
2025-04-22 00:00:00+00:00,"{'units': 645, 'nano': 0}","{'units': 645, 'nano': 800000000}","{'units': 635, 'nano': 200000000}","{'units': 635, 'nano': 600000000}",13987,True,1
2025-04-23 00:00:00+00:00,"{'units': 633, 'nano': 400000000}","{'units': 637, 'nano': 200000000}","{'units': 621, 'nano': 400000000}","{'units': 626, 'nano': 800000000}",45565,True,1
2025-04-24 00:00:00+00:00,"{'units': 628, 'nano': 0}","{'units': 630, 'nano': 0}","{'units': 625, 'nano': 200000000}","{'units': 626, 'nano': 200000000}",14981,True,1
2025-04-25 00:00:00+00:00,"{'units': 626, 'nano': 200000000}","{'units': 636, 'nano': 0}","{'units': 625, 'nano': 400000000}","{'units': 628, 'nano': 800000000}",32598,True,1
2025-04-26 00:00:00+00:00,"{'units': 632, 'nano': 0}","{'units': 633, 'nano': 0}","{'units': 627, 'nano': 600000000}","{'units': 632, 'nano': 400000000}",7239,True,1
2025-04-27 00:00:00+00:00,"{'units': 632, 'nano': 400000000}","{'units': 633, 'nano': 0}","{'units': 630, 'nano': 200000000}","{'units': 632, 'nano': 800000000}",3094,True,1
2025-04-28 00:00:00+00:00,"{'units': 630, 'nano': 0}","{'units': 646, 'nano': 600000000}","{'units': 623, 'nano': 0}","{'units': 628, 'nano': 0}",62736,True,1
2025-04-29 00:00:00+00:00,"{'units': 628, 'nano': 0}","{'units': 639, 'nano': 800000000}","{'units': 611, 'nano': 400000000}","{'units': 615, 'nano': 0}",72543,True,1
2025-04-30 00:00:00+00:00,"{'units': 616, 'nano': 400000000}","{'units': 636, 'nano': 800000000}","{'units': 599, 'nano': 600000000}","{'units': 624, 'nano': 600000000}",85304,True,1
2025-05-02 00:00:00+00:00,"{'units': 625, 'nano': 400000000}","{'units': 630, 'nano': 600000000}","{'units': 614, 'nano': 0}","{'units': 620, 'nano': 200000000}",23442,True,1
2025-05-03 00:00:00+00:00,"{'units': 620, 'nano': 200000000}","{'units': 625, 'nano': 0}","{'units': 618, 'nano': 0}","{'units': 623, 'nano': 200000000}",2607,True,1
2025-05-04 00:00:00+00:00,"{'units': 623, 'nano': 400000000}","{'units': 639, 'nano': 0}","{'units': 621, 'nano': 800000000}","{'units': 627, 'nano': 200000000}",10187,True,1
2025-05-05 00:00:00+00:00,"{'units': 630, 'nano': 800000000}","{'units': 638, 'nano': 800000000}","{'units': 610, 'nano': 600000000}","{'units': 612, 'nano': 0}",36603,True,1
2025-05-06 00:00:00+00:00,"{'units': 612, 'nano': 400000000}","{'units': 626, 'nano': 400000000}","{'units': 612, 'nano': 400000000}","{'units': 617, 'nano': 800000000}",22600,True,1
2025-05-07 00:00:00+00:00,"{'units': 620, 'nano': 600000000}","{'units': 622, 'nano': 400000000}","{'units': 611, 'nano': 600000000}","{'units': 615, 'nano': 600000000}",23631,True,1
2025-05-08 00:00:00+00:00,"{'units': 616, 'nano': 0}","{'units': 621, 'nano': 600000000}","{'units': 614, 'nano': 200000000}","{'units': 615, 'nano': 0}",16773,True,1
2025-05-10 00:00:00+00:00,"{'units': 614, 'nano': 0}","{'units': 618, 'nano': 400000000}","{'units': 614, 'nano': 0}","{'units': 615, 'nano': 800000000}",2257,True,1
2025-05-11 00:00:00+00:00,"{'units': 617, 'nano': 0}","{'units': 622, 'nano': 400000000}","{'units': 615, 'nano': 800000000}","{'units': 617, 'nano': 800000000}",4045,True,1
2025-05-12 00:00:00+00:00,"{'units': 617, 'nano': 600000000}","{'units': 624, 'nano': 800000000}","{'units': 614, 'nano': 600000000}","{'units': 618, 'nano': 600000000}",34616,True,1
2025-05-13 00:00:00+00:00,"{'units': 618, 'nano': 400000000}","{'units': 622, 'nano': 0}","{'units': 612, 'nano': 600000000}","{'units': 612, 'nano': 600000000}",19169,True,1
2025-05-14 00:00:00+00:00,"{'units': 613, 'nano': 200000000}","{'units': 622, 'nano': 400000000}","{'units': 605, 'nano': 0}","{'units': 607, 'nano': 400000000}",44262,True,1
2025-05-15 00:00:00+00:00,"{'units': 606, 'nano': 200000000}","{'units': 614, 'nano': 0}","{'units': 595, 'nano': 600000000}","{'units': 604, 'nano': 200000000}",36908,True,1
2025-05-16 00:00:00+00:00,"{'units': 603, 'nano': 800000000}","{'units': 607, 'nano': 0}","{'units': 582, 'nano': 600000000}","{'units': 594, 'nano': 600000000}",44041,True,1
2025-05-17 00:00:00+00:00,"{'units': 597, 'nano': 800000000}","{'units': 600, 'nano': 0}","{'units': 593, 'nano': 600000000}","{'units': 597, 'nano': 800000000}",6278,True,1
2025-05-18 00:00:00+00:00,"{'units': 599, 'nano': 600000000}","{'units': 603, 'nano': 600000000}","{'units': 597, 'nano': 800000000}","{'units': 603, 'nano': 600000000}",6114,True,1
2025-05-19 00:00:00+00:00,"{'units': 603, 'nano': 0}","{'units': 608, 'nano': 0}","{'units': 592, 'nano': 600000000}","{'units': 596, 'nano': 600000000}",36126,True,1
2025-05-20 00:00:00+00:00,"{'units': 595, 'nano': 200000000}","{'units': 601, 'nano': 600000000}","{'units': 590, 'nano': 600000000}","{'units': 594, 'nano': 0}",18050,True,1
2025-05-21 00:00:00+00:00,"{'units': 595, 'nano': 600000000}","{'units': 595, 'nano': 600000000}","{'units': 585, 'nano': 400000000}","{'units': 589, 'nano': 200000000}",35628,True,1
2025-05-22 00:00:00+00:00,"{'units': 589, 'nano': 200000000}","{'units': 592, 'nano': 200000000}","{'units': 582, 'nano': 600000000}","{'units': 585, 'nano': 800000000}",31499,True,1
2025-05-23 00:00:00+00:00,"{'units': 588, 'nano': 200000000}","{'units': 590, 'nano': 0}","{'units': 582, 'nano': 600000000}","{'units': 584, 'nano': 800000000}",14605,True,1
2025-05-26 00:00:00+00:00,"{'units': 584, 'nano': 800000000}","{'units': 585, 'nano': 800000000}","{'units': 570, 'nano': 400000000}","{'units': 574, 'nano': 200000000}",32267,True,1
2025-05-27 00:00:00+00:00,"{'units': 574, 'nano': 600000000}","{'units': 582, 'nano': 200000000}","{'units': 567, 'nano': 400000000}","{'units': 580, 'nano': 200000000}",17623,True,1
2025-05-28 00:00:00+00:00,"{'units': 583, 'nano': 200000000}","{'units': 615, 'nano': 600000000}","{'units': 581, 'nano': 0}","{'units': 613, 'nano': 200000000}",186998,True,1
2025-05-29 00:00:00+00:00,"{'units': 614, 'nano': 200000000}","{'units': 614, 'nano': 600000000}","{'units': 606, 'nano': 0}","{'units': 609, 'nano': 800000000}",45498,True,1
2025-05-30 00:00:00+00:00,"{'units': 610, 'nano': 0}","{'units': 614, 'nano': 0}","{'units': 604, 'nano': 200000000}","{'units': 611, 'nano': 0}",48712,True,1
2025-06-02 00:00:00+00:00,"{'units': 595, 'nano': 0}","{'units': 598, 'nano': 600000000}","{'units': 583, 'nano': 600000000}","{'units': 598, 'nano': 0}",78975,True,1
2025-06-03 00:00:00+00:00,"{'units': 597, 'nano': 0}","{'units': 603, 'nano': 0}","{'units': 593, 'nano': 400000000}","{'units': 596, 'nano': 600000000}",40976,True,1
2025-06-04 00:00:00+00:00,"{'units': 596, 'nano': 600000000}","{'units': 600, 'nano': 0}","{'units': 587, 'nano': 200000000}","{'units': 591, 'nano': 800000000}",70584,True,1
2025-06-05 00:00:00+00:00,"{'units': 593, 'nano': 0}","{'units': 597, 'nano': 600000000}","{'units': 590, 'nano': 800000000}","{'units': 593, 'nano': 800000000}",43275,True,1
2025-06-06 00:00:00+00:00,"{'units': 594, 'nano': 0}","{'units': 598, 'nano': 0}","{'units': 581, 'nano': 800000000}","{'units': 584, 'nano': 600000000}",47709,True,1
2025-06-07 00:00:00+00:00,"{'units': 585, 'nano': 0}","{'units': 586, 'nano': 0}","{'units': 584, 'nano': 0}","{'units': 584, 'nano': 600000000}",1653,True,1
2025-06-08 00:00:00+00:00,"{'units': 584, 'nano': 600000000}","{'units': 586, 'nano': 200000000}","{'units': 583, 'nano': 0}","{'units': 584, 'nano': 0}",957,True,1
2025-06-09 00:00:00+00:00,"{'units': 584, 'nano': 0}","{'units': 591, 'nano': 600000000}","{'units': 571, 'nano': 800000000}","{'units': 575, 'nano': 400000000}",46902,True,1
2025-06-10 00:00:00+00:00,"{'units': 577, 'nano': 400000000}","{'units': 581, 'nano': 0}","{'units': 571, 'nano': 200000000}","{'units': 576, 'nano': 600000000}",46221,True,1
2025-06-11 00:00:00+00:00,"{'units': 576, 'nano': 200000000}","{'units': 581, 'nano': 0}","{'units': 573, 'nano': 800000000}","{'units': 577, 'nano': 400000000}",16456,True,1
2025-06-13 00:00:00+00:00,"{'units': 575, 'nano': 0}","{'units': 579, 'nano': 0}","{'units': 575, 'nano': 0}","{'units': 578, 'nano': 800000000}",12750,True,1
2025-06-14 00:00:00+00:00,"{'units': 578, 'nano': 800000000}","{'units': 581, 'nano': 800000000}","{'units': 575, 'nano': 400000000}","{'units': 578, 'nano': 200000000}",5344,True,1
2025-06-15 00:00:00+00:00,"{'units': 578, 'nano': 200000000}","{'units': 580, 'nano': 200000000}","{'units': 576, 'nano': 0}","{'units': 580, 'nano': 200000000}",2607,True,1
2025-06-16 00:00:00+00:00,"{'units': 581, 'nano': 0}","{'units': 585, 'nano': 400000000}","{'units': 573, 'nano': 200000000}","{'units': 578, 'nano': 0}",79645,True,1
2025-06-17 00:00:00+00:00,"{'units': 579, 'nano': 0}","{'units': 580, 'nano': 0}","{'units': 575, 'nano': 400000000}","{'units': 577, 'nano': 0}",17373,True,1
2025-06-18 00:00:00+00:00,"{'units': 576, 'nano': 600000000}","{'units': 579, 'nano': 400000000}","{'units': 574, 'nano': 0}","{'units': 577, 'nano': 0}",24924,True,1
2025-06-19 00:00:00+00:00,"{'units': 577, 'nano': 600000000}","{'units': 579, 'nano': 0}","{'units': 575, 'nano': 400000000}","{'units': 576, 'nano': 200000000}",19605,True,1
2025-06-20 00:00:00+00:00,"{'units': 578, 'nano': 600000000}","{'units': 578, 'nano': 800000000}","{'units': 575, 'nano': 400000000}","{'units': 577, 'nano': 0}",11728,True,1
2025-06-23 00:00:00+00:00,"{'units': 575, 'nano': 600000000}","{'units': 578, 'nano': 400000000}","{'units': 571, 'nano': 600000000}","{'units': 573, 'nano': 400000000}",18484,True,1
2025-06-24 00:00:00+00:00,"{'units': 573, 'nano': 0}","{'units': 573, 'nano': 200000000}","{'units': 555, 'nano': 0}","{'units': 566, 'nano': 400000000}",48812,True,1
2025-06-25 00:00:00+00:00,"{'units': 569, 'nano': 200000000}","{'units': 576, 'nano': 600000000}","{'units': 566, 'nano': 400000000}","{'units': 573, 'nano': 400000000}",36272,True,1
2025-06-26 00:00:00+00:00,"{'units': 574, 'nano': 0}","{'units': 575, 'nano': 0}","{'units': 569, 'nano': 600000000}","{'units': 570, 'nano': 200000000}",32270,True,1
2025-06-27 00:00:00+00:00,"{'units': 570, 'nano': 200000000}","{'units': 588, 'nano': 600000000}","{'units': 568, 'nano': 200000000}","{'units': 585, 'nano': 600000000}",112001,True,1
2025-06-28 00:00:00+00:00,"{'units': 585, 'nano': 600000000}","{'units': 587, 'nano': 600000000}","{'units': 580, 'nano': 400000000}","{'units': 586, 'nano': 0}",2277,True,1
2025-06-29 00:00:00+00:00,"{'units': 587, 'nano': 0}","{'units': 588, 'nano': 600000000}","{'units': 584, 'nano': 600000000}","{'units': 586, 'nano': 600000000}",3179,True,1
2025-06-30 00:00:00+00:00,"{'units': 586, 'nano': 600000000}","{'units': 596, 'nano': 600000000}","{'units': 585, 'nano': 0}","{'units': 590, 'nano': 800000000}",47981,True,1
2025-07-01 00:00:00+00:00,"{'units': 590, 'nano': 0}","{'units': 591, 'nano': 800000000}","{'units': 586, 'nano': 0}","{'units': 588, 'nano': 0}",33068,True,1
2025-07-02 00:00:00+00:00,"{'units': 586, 'nano': 600000000}","{'units': 589, 'nano': 400000000}","{'units': 579, 'nano': 400000000}","{'units': 581, 'nano': 400000000}",31073,True,1
2025-07-03 00:00:00+00:00,"{'units': 582, 'nano': 0}","{'units': 584, 'nano': 0}","{'units': 572, 'nano': 0}","{'units': 573, 'nano': 0}",35839,True,1
2025-07-04 00:00:00+00:00,"{'units': 573, 'nano': 0}","{'units': 578, 'nano': 0}","{'units': 564, 'nano': 400000000}","{'units': 572, 'nano': 600000000}",37023,True,1
2025-07-05 00:00:00+00:00,"{'units': 572, 'nano': 600000000}","{'units': 575, 'nano': 0}","{'units': 570, 'nano': 400000000}","{'units': 574, 'nano': 0}",2685,True,1
2025-07-06 00:00:00+00:00,"{'units': 574, 'nano': 0}","{'units': 574, 'nano': 0}","{'units': 569, 'nano': 200000000}","{'units': 571, 'nano': 0}",4640,True,1
2025-07-07 00:00:00+00:00,"{'units': 572, 'nano': 800000000}","{'units': 575, 'nano': 0}","{'units': 566, 'nano': 200000000}","{'units': 567, 'nano': 200000000}",19927,True,1
2025-07-08 00:00:00+00:00,"{'units': 567, 'nano': 600000000}","{'units': 572, 'nano': 600000000}","{'units': 560, 'nano': 200000000}","{'units': 560, 'nano': 200000000}",30534,True,1
2025-07-09 00:00:00+00:00,"{'units': 560, 'nano': 200000000}","{'units': 567, 'nano': 400000000}","{'units': 551, 'nano': 0}","{'units': 557, 'nano': 0}",28173,True,1
2025-07-10 00:00:00+00:00,"{'units': 559, 'nano': 0}","{'units': 562, 'nano': 400000000}","{'units': 548, 'nano': 200000000}","{'units': 552, 'nano': 400000000}",51574,True,1
2025-07-11 00:00:00+00:00,"{'units': 554, 'nano': 0}","{'units': 554, 'nano': 200000000}","{'units': 542, 'nano': 0}","{'units': 548, 'nano': 400000000}",29904,True,1
2025-07-12 00:00:00+00:00,"{'units': 548, 'nano': 200000000}","{'units': 551, 'nano': 0}","{'units': 546, 'nano': 200000000}","{'units': 549, 'nano': 200000000}",3393,True,1
2025-07-13 00:00:00+00:00,"{'units': 548, 'nano': 600000000}","{'units': 550, 'nano': 200000000}","{'units': 546, 'nano': 200000000}","{'units': 547, 'nano': 0}",2087,True,1
2025-07-14 00:00:00+00:00,"{'units': 544, 'nano': 600000000}","{'units': 569, 'nano': 600000000}","{'units': 539, 'nano': 200000000}","{'units': 563, 'nano': 800000000}",78451,True,1
2025-07-15 00:00:00+00:00,"{'units': 563, 'nano': 800000000}","{'units': 572, 'nano': 600000000}","{'units': 561, 'nano': 200000000}","{'units': 565, 'nano': 800000000}",26960,True,1
2025-07-16 00:00:00+00:00,"{'units': 567, 'nano': 200000000}","{'units': 570, 'nano': 600000000}","{'units': 563, 'nano': 800000000}","{'units': 565, 'nano': 800000000}",23330,True,1
2025-07-17 00:00:00+00:00,"{'units': 565, 'nano': 800000000}","{'units': 572, 'nano': 0}","{'units': 558, 'nano': 0}","{'units': 560, 'nano': 800000000}",53383,True,1
2025-07-18 00:00:00+00:00,"{'units': 561, 'nano': 600000000}","{'units': 565, 'nano': 0}","{'units': 555, 'nano': 800000000}","{'units': 558, 'nano': 800000000}",48330,True,1
2025-07-19 00:00:00+00:00,"{'units': 558, 'nano': 800000000}","{'units': 568, 'nano': 0}","{'units': 558, 'nano': 0}","{'units': 568, 'nano': 0}",6926,True,1
2025-07-20 00:00:00+00:00,"{'units': 568, 'nano': 800000000}","{'units': 574, 'nano': 0}","{'units': 568, 'nano': 0}","{'units': 568, 'nano': 800000000}",7708,True,1
2025-07-21 00:00:00+00:00,"{'units': 568, 'nano': 0}","{'units': 570, 'nano': 800000000}","{'units': 565, 'nano': 200000000}","{'units': 566, 'nano': 200000000}",28597,True,1
2025-07-22 00:00:00+00:00,"{'units': 567, 'nano': 800000000}","{'units': 573, 'nano': 200000000}","{'units': 566, 'nano': 0}","{'units': 567, 'nano': 400000000}",34831,True,1
2025-07-23 00:00:00+00:00,"{'units': 567, 'nano': 400000000}","{'units': 573, 'nano': 0}","{'units': 567, 'nano': 400000000}","{'units': 570, 'nano': 400000000}",29425,True,1
2025-07-24 00:00:00+00:00,"{'units': 571, 'nano': 600000000}","{'units': 577, 'nano': 0}","{'units': 570, 'nano': 0}","{'units': 570, 'nano': 200000000}",34639,True,1
2025-07-25 00:00:00+00:00,"{'units': 572, 'nano': 0}","{'units': 577, 'nano': 600000000}","{'units': 556, 'nano': 0}","{'units': 563, 'nano': 800000000}",76319,True,1
2025-07-26 00:00:00+00:00,"{'units': 563, 'nano': 800000000}","{'units': 567, 'nano': 600000000}","{'units': 563, 'nano': 600000000}","{'units': 567, 'nano': 0}",2812,True,1
2025-07-27 00:00:00+00:00,"{'units': 567, 'nano': 0}","{'units': 567, 'nano': 0}","{'units': 563, 'nano': 0}","{'units': 565, 'nano': 400000000}",1703,True,1
2025-07-28 00:00:00+00:00,"{'units': 566, 'nano': 800000000}","{'units': 572, 'nano': 800000000}","{'units': 558, 'nano': 0}","{'units': 558, 'nano': 800000000}",48669,True,1
2025-07-29 00:00:00+00:00,"{'units': 558, 'nano': 600000000}","{'units': 565, 'nano': 600000000}","{'units': 552, 'nano': 200000000}","{'units': 556, 'nano': 200000000}",56458,True,1
2025-07-30 00:00:00+00:00,"{'units': 558, 'nano': 800000000}","{'units': 559, 'nano': 200000000}","{'units': 552, 'nano': 800000000}","{'units': 554, 'nano': 0}",12352,True,1
2025-07-31 00:00:00+00:00,"{'units': 554, 'nano': 0}","{'units': 556, 'nano': 600000000}","{'units': 550, 'nano': 0}","{'units': 554, 'nano': 200000000}",21896,True,1
2025-08-01 00:00:00+00:00,"{'units': 554, 'nano': 200000000}","{'units': 558, 'nano': 400000000}","{'units': 551, 'nano': 400000000}","{'units': 555, 'nano': 400000000}",33510,True,1
2025-08-04 00:00:00+00:00,"{'units': 563, 'nano': 600000000}","{'units': 569, 'nano': 600000000}","{'units': 556, 'nano': 200000000}","{'units': 560, 'nano': 200000000}",50903,True,1
2025-08-05 00:00:00+00:00,"{'units': 559, 'nano': 400000000}","{'units': 563, 'nano': 0}","{'units': 555, 'nano': 0}","{'units': 560, 'nano': 0}",33470,True,1
2025-08-06 00:00:00+00:00,"{'units': 558, 'nano': 600000000}","{'units': 567, 'nano': 600000000}","{'units': 558, 'nano': 200000000}","{'units': 563, 'nano': 600000000}",32796,True,1
2025-08-07 00:00:00+00:00,"{'units': 565, 'nano': 0}","{'units': 573, 'nano': 400000000}","{'units': 561, 'nano': 0}","{'units': 566, 'nano': 200000000}",53630,True,1
2025-08-08 00:00:00+00:00,"{'units': 566, 'nano': 400000000}","{'units': 584, 'nano': 0}","{'units': 557, 'nano': 800000000}","{'units': 576, 'nano': 600000000}",295042,True,1
2025-08-11 00:00:00+00:00,"{'units': 580, 'nano': 600000000}","{'units': 605, 'nano': 200000000}","{'units': 579, 'nano': 800000000}","{'units': 596, 'nano': 0}",255026,True,1
2025-08-12 00:00:00+00:00,"{'units': 597, 'nano': 0}","{'units': 600, 'nano': 0}","{'units': 572, 'nano': 200000000}","{'units': 592, 'nano': 800000000}",164319,True,1
2025-08-13 00:00:00+00:00,"{'units': 595, 'nano': 0}","{'units': 598, 'nano': 800000000}","{'units': 583, 'nano': 400000000}","{'units': 585, 'nano': 0}",56344,True,1
2025-08-14 00:00:00+00:00,"{'units': 588, 'nano': 800000000}","{'units': 588, 'nano': 800000000}","{'units': 575, 'nano': 0}","{'units': 587, 'nano': 400000000}",45964,True,1
2025-08-15 00:00:00+00:00,"{'units': 588, 'nano': 0}","{'units': 589, 'nano': 800000000}","{'units': 578, 'nano': 800000000}","{'units': 583, 'nano': 400000000}",65438,True,1
2025-08-16 00:00:00+00:00,"{'units': 584, 'nano': 0}","{'units': 584, 'nano': 0}","{'units': 578, 'nano': 0}","{'units': 580, 'nano': 200000000}",8309,True,1
2025-08-17 00:00:00+00:00,"{'units': 583, 'nano': 600000000}","{'units': 586, 'nano': 0}","{'units': 578, 'nano': 0}","{'units': 578, 'nano': 600000000}",5595,True,1
2025-08-18 00:00:00+00:00,"{'units': 579, 'nano': 600000000}","{'units': 595, 'nano': 0}","{'units': 579, 'nano': 600000000}","{'units': 585, 'nano': 0}",35720,True,1
2025-08-19 00:00:00+00:00,"{'units': 585, 'nano': 0}","{'units': 591, 'nano': 0}","{'units': 584, 'nano': 200000000}","{'units': 589, 'nano': 0}",42757,True,1
2025-08-20 00:00:00+00:00,"{'units': 589, 'nano': 200000000}","{'units': 600, 'nano': 0}","{'units': 574, 'nano': 0}","{'units': 579, 'nano': 0}",162577,True,1
2025-08-21 00:00:00+00:00,"{'units': 579, 'nano': 200000000}","{'units': 582, 'nano': 600000000}","{'units': 563, 'nano': 400000000}","{'units': 569, 'nano': 600000000}",78293,True,1
2025-08-22 00:00:00+00:00,"{'units': 575, 'nano': 400000000}","{'units': 575, 'nano': 400000000}","{'units': 555, 'nano': 0}","{'units': 567, 'nano': 800000000}",42704,True,1
2025-08-23 00:00:00+00:00,"{'units': 572, 'nano': 0}","{'units': 572, 'nano': 0}","{'units': 565, 'nano': 0}","{'units': 568, 'nano': 200000000}",5016,True,1
2025-08-24 00:00:00+00:00,"{'units': 568, 'nano': 200000000}","{'units': 575, 'nano': 0}","{'units': 568, 'nano': 0}","{'units': 574, 'nano': 400000000}",6464,True,1
2025-08-25 00:00:00+00:00,"{'units': 575, 'nano': 200000000}","{'units': 575, 'nano': 200000000}","{'units': 557, 'nano': 200000000}","{'units': 566, 'nano': 0}",48473,True,1
2025-08-26 00:00:00+00:00,"{'units': 567, 'nano': 0}","{'units': 569, 'nano': 600000000}","{'units': 561, 'nano': 0}","{'units': 566, 'nano': 0}",26255,True,1
2025-08-27 00:00:00+00:00,"{'units': 567, 'nano': 200000000}","{'units': 567, 'nano': 200000000}","{'units': 557, 'nano': 400000000}","{'units': 564, 'nano': 800000000}",104094,True,1
2025-08-28 00:00:00+00:00,"{'units': 564, 'nano': 800000000}","{'units': 569, 'nano': 0}","{'units': 557, 'nano': 200000000}","{'units': 559, 'nano': 800000000}",70455,True,1
2025-08-29 00:00:00+00:00,"{'units': 559, 'nano': 400000000}","{'units': 563, 'nano': 600000000}","{'units': 555, 'nano': 200000000}","{'units': 555, 'nano': 200000000}",43185,True,1
2025-08-30 00:00:00+00:00,"{'units': 555, 'nano': 0}","{'units': 558, 'nano': 600000000}","{'units': 555, 'nano': 0}","{'units': 557, 'nano': 0}",5241,True,1
2025-08-31 00:00:00+00:00,"{'units': 555, 'nano': 0}","{'units': 558, 'nano': 400000000}","{'units': 550, 'nano': 0}","{'units': 558, 'nano': 400000000}",9987,True,1
2025-09-01 00:00:00+00:00,"{'units': 562, 'nano': 600000000}","{'units': 565, 'nano': 800000000}","{'units': 554, 'nano': 200000000}","{'units': 557, 'nano': 800000000}",48410,True,1
2025-09-02 00:00:00+00:00,"{'units': 558, 'nano': 800000000}","{'units': 562, 'nano': 200000000}","{'units': 553, 'nano': 800000000}","{'units': 558, 'nano': 0}",21746,True,1
2025-09-03 00:00:00+00:00,"{'units': 554, 'nano': 800000000}","{'units': 558, 'nano': 800000000}","{'units': 548, 'nano': 200000000}","{'units': 555, 'nano': 600000000}",42739,True,1
2025-09-04 00:00:00+00:00,"{'units': 554, 'nano': 0}","{'units': 559, 'nano': 600000000}","{'units': 549, 'nano': 800000000}","{'units': 553, 'nano': 800000000}",31192,True,1
2025-09-05 00:00:00+00:00,"{'units': 554, 'nano': 200000000}","{'units': 559, 'nano': 600000000}","{'units': 553, 'nano': 0}","{'units': 557, 'nano': 800000000}",16877,True,1
2025-09-06 00:00:00+00:00,"{'units': 560, 'nano': 0}","{'units': 561, 'nano': 0}","{'units': 558, 'nano': 0}","{'units': 558, 'nano': 200000000}",1741,True,1
2025-09-07 00:00:00+00:00,"{'units': 558, 'nano': 400000000}","{'units': 562, 'nano': 0}","{'units': 557, 'nano': 800000000}","{'units': 560, 'nano': 200000000}",3989,True,1
2025-09-08 00:00:00+00:00,"{'units': 559, 'nano': 600000000}","{'units': 576, 'nano': 200000000}","{'units': 557, 'nano': 600000000}","{'units': 564, 'nano': 800000000}",95038,True,1
2025-09-09 00:00:00+00:00,"{'units': 566, 'nano': 0}","{'units': 569, 'nano': 800000000}","{'units': 560, 'nano': 0}","{'units': 565, 'nano': 400000000}",24627,True,1
2025-09-10 00:00:00+00:00,"{'units': 566, 'nano': 0}","{'units': 569, 'nano': 600000000}","{'units': 560, 'nano': 800000000}","{'units': 560, 'nano': 800000000}",18948,True,1
2025-09-11 00:00:00+00:00,"{'units': 563, 'nano': 0}","{'units': 563, 'nano': 0}","{'units': 549, 'nano': 600000000}","{'units': 554, 'nano': 200000000}",55107,True,1
2025-09-12 00:00:00+00:00,"{'units': 553, 'nano': 0}","{'units': 555, 'nano': 0}","{'units': 533, 'nano': 400000000}","{'units': 541, 'nano': 0}",118968,True,1
2025-09-13 00:00:00+00:00,"{'units': 541, 'nano': 200000000}","{'units': 543, 'nano': 800000000}","{'units': 537, 'nano': 200000000}","{'units': 542, 'nano': 600000000}",7708,True,1
2025-09-14 00:00:00+00:00,"{'units': 542, 'nano': 400000000}","{'units': 544, 'nano': 0}","{'units': 532, 'nano': 800000000}","{'units': 544, 'nano': 0}",15473,True,1
2025-09-15 00:00:00+00:00,"{'units': 543, 'nano': 600000000}","{'units': 544, 'nano': 0}","{'units': 537, 'nano': 0}","{'units': 541, 'nano': 400000000}",35751,True,1
2025-09-16 00:00:00+00:00,"{'units': 542, 'nano': 0}","{'units': 546, 'nano': 200000000}","{'units': 527, 'nano': 600000000}","{'units': 538, 'nano': 400000000}",66146,True,1
2025-09-17 00:00:00+00:00,"{'units': 539, 'nano': 0}","{'units': 549, 'nano': 200000000}","{'units': 537, 'nano': 800000000}","{'units': 542, 'nano': 800000000}",39248,True,1
2025-09-18 00:00:00+00:00,"{'units': 541, 'nano': 400000000}","{'units': 543, 'nano': 600000000}","{'units': 532, 'nano': 0}","{'units': 537, 'nano': 200000000}",41605,True,1
2025-09-19 00:00:00+00:00,"{'units': 536, 'nano': 600000000}","{'units': 540, 'nano': 0}","{'units': 521, 'nano': 0}","{'units': 532, 'nano': 800000000}",161737,True,1
2025-09-22 00:00:00+00:00,"{'units': 529, 'nano': 800000000}","{'units': 532, 'nano': 400000000}","{'units': 516, 'nano': 0}","{'units': 528, 'nano': 600000000}",67733,True,1
2025-09-23 00:00:00+00:00,"{'units': 528, 'nano': 600000000}","{'units': 528, 'nano': 800000000}","{'units': 517, 'nano': 0}","{'units': 528, 'nano': 600000000}",39503,True,1
2025-09-24 00:00:00+00:00,"{'units': 522, 'nano': 0}","{'units': 524, 'nano': 200000000}","{'units': 512, 'nano': 400000000}","{'units': 520, 'nano': 200000000}",95208,True,1
2025-09-25 00:00:00+00:00,"{'units': 521, 'nano': 800000000}","{'units': 521, 'nano': 800000000}","{'units': 515, 'nano': 400000000}","{'units': 517, 'nano': 800000000}",36930,True,1
2025-09-26 00:00:00+00:00,"{'units': 519, 'nano': 600000000}","{'units': 523, 'nano': 0}","{'units': 512, 'nano': 600000000}","{'units': 516, 'nano': 600000000}",24966,True,1
2025-09-27 00:00:00+00:00,"{'units': 518, 'nano': 0}","{'units': 520, 'nano': 0}","{'units': 510, 'nano': 800000000}","{'units': 515, 'nano': 0}",4215,True,1
2025-09-28 00:00:00+00:00,"{'units': 517, 'nano': 400000000}","{'units': 518, 'nano': 600000000}","{'units': 515, 'nano': 0}","{'units': 516, 'nano': 600000000}",3094,True,1
2025-09-29 00:00:00+00:00,"{'units': 519, 'nano': 800000000}","{'units': 522, 'nano': 800000000}","{'units': 510, 'nano': 0}","{'units': 513, 'nano': 600000000}",44844,True,1
2025-09-30 00:00:00+00:00,"{'units': 513, 'nano': 800000000}","{'units': 527, 'nano': 600000000}","{'units': 505, 'nano': 0}","{'units': 519, 'nano': 800000000}",76069,True,1
2025-10-01 00:00:00+00:00,"{'units': 522, 'nano': 0}","{'units': 524, 'nano': 0}","{'units': 508, 'nano': 200000000}","{'units': 519, 'nano': 0}",47682,True,1
2025-10-02 00:00:00+00:00,"{'units': 519, 'nano': 200000000}","{'units': 519, 'nano': 200000000}","{'units': 500, 'nano': 400000000}","{'units': 512, 'nano': 200000000}",59316,True,1
2025-10-03 00:00:00+00:00,"{'units': 512, 'nano': 800000000}","{'units': 516, 'nano': 0}","{'units': 506, 'nano': 400000000}","{'units': 512, 'nano': 600000000}",35937,True,1
2025-10-04 00:00:00+00:00,"{'units': 511, 'nano': 0}","{'units': 511, 'nano': 0}","{'units': 500, 'nano': 400000000}","{'units': 502, 'nano': 600000000}",21152,True,1
2025-10-05 00:00:00+00:00,"{'units': 503, 'nano': 800000000}","{'units': 509, 'nano': 800000000}","{'units': 499, 'nano': 0}","{'units': 506, 'nano': 800000000}",13326,True,1
2025-10-06 00:00:00+00:00,"{'units': 505, 'nano': 0}","{'units': 522, 'nano': 400000000}","{'units': 503, 'nano': 800000000}","{'units': 518, 'nano': 0}",30643,True,1
2025-10-07 00:00:00+00:00,"{'units': 521, 'nano': 200000000}","{'units': 535, 'nano': 0}","{'units': 516, 'nano': 0}","{'units': 526, 'nano': 600000000}",45352,True,1
2025-10-08 00:00:00+00:00,"{'units': 527, 'nano': 200000000}","{'units': 531, 'nano': 800000000}","{'units': 516, 'nano': 0}","{'units': 518, 'nano': 0}",44349,True,1
2025-10-09 00:00:00+00:00,"{'units': 519, 'nano': 800000000}","{'units': 530, 'nano': 0}","{'units': 517, 'nano': 0}","{'units': 525, 'nano': 200000000}",40731,True,1
2025-10-10 00:00:00+00:00,"{'units': 525, 'nano': 0}","{'units': 529, 'nano': 200000000}","{'units': 519, 'nano': 800000000}","{'units': 522, 'nano': 800000000}",25114,True,1
2025-10-11 00:00:00+00:00,"{'units': 524, 'nano': 0}","{'units': 528, 'nano': 0}","{'units': 521, 'nano': 200000000}","{'units': 521, 'nano': 200000000}",5307,True,1
2025-10-12 00:00:00+00:00,"{'units': 524, 'nano': 400000000}","{'units': 529, 'nano': 600000000}","{'units': 523, 'nano': 200000000}","{'units': 528, 'nano': 0}",2775,True,1
2025-10-13 00:00:00+00:00,"{'units': 526, 'nano': 600000000}","{'units': 528, 'nano': 0}","{'units': 513, 'nano': 200000000}","{'units': 520, 'nano': 400000000}",26760,True,1
2025-10-14 00:00:00+00:00,"{'units': 521, 'nano': 0}","{'units': 523, 'nano': 800000000}","{'units': 515, 'nano': 0}","{'units': 521, 'nano': 0}",24463,True,1
2025-10-15 00:00:00+00:00,"{'units': 523, 'nano': 800000000}","{'units': 526, 'nano': 0}","{'units': 510, 'nano': 200000000}","{'units': 521, 'nano': 800000000}",45416,True,1
2025-10-16 00:00:00+00:00,"{'units': 522, 'nano': 200000000}","{'units': 541, 'nano': 0}","{'units': 519, 'nano': 600000000}","{'units': 531, 'nano': 400000000}",61594,True,1
2025-10-17 00:00:00+00:00,"{'units': 531, 'nano': 400000000}","{'units': 540, 'nano': 800000000}","{'units': 526, 'nano': 0}","{'units': 528, 'nano': 0}",37137,True,1
2025-10-18 00:00:00+00:00,"{'units': 529, 'nano': 800000000}","{'units': 538, 'nano': 0}","{'units': 528, 'nano': 600000000}","{'units': 532, 'nano': 200000000}",14108,True,1
2025-10-19 00:00:00+00:00,"{'units': 531, 'nano': 200000000}","{'units': 537, 'nano': 600000000}","{'units': 528, 'nano': 800000000}","{'units': 530, 'nano': 0}",10055,True,1
2025-10-20 00:00:00+00:00,"{'units': 530, 'nano': 0}","{'units': 533, 'nano': 800000000}","{'units': 520, 'nano': 0}","{'units': 525, 'nano': 600000000}",37239,True,1
2025-10-21 00:00:00+00:00,"{'units': 527, 'nano': 0}","{'units': 527, 'nano': 0}","{'units': 519, 'nano': 0}","{'units': 521, 'nano': 800000000}",26969,True,1
2025-10-22 00:00:00+00:00,"{'units': 524, 'nano': 0}","{'units': 525, 'nano': 0}","{'units': 519, 'nano': 400000000}","{'units': 521, 'nano': 600000000}",20930,True,1
2025-10-23 00:00:00+00:00,"{'units': 521, 'nano': 0}","{'units': 521, 'nano': 400000000}","{'units': 513, 'nano': 400000000}","{'units': 517, 'nano': 400000000}",18598,True,1
2025-10-24 00:00:00+00:00,"{'units': 517, 'nano': 600000000}","{'units': 524, 'nano': 0}","{'units': 510, 'nano': 600000000}","{'units': 519, 'nano': 800000000}",18773,True,1
2025-10-27 00:00:00+00:00,"{'units': 519, 'nano': 800000000}","{'units': 519, 'nano': 800000000}","{'units': 500, 'nano': 0}","{'units': 510, 'nano': 200000000}",44900,True,1
2025-10-28 00:00:00+00:00,"{'units': 510, 'nano': 200000000}","{'units': 525, 'nano': 600000000}","{'units': 502, 'nano': 600000000}","{'units': 524, 'nano': 800000000}",63157,True,1
2025-10-29 00:00:00+00:00,"{'units': 524, 'nano': 600000000}","{'units': 536, 'nano': 600000000}","{'units': 520, 'nano': 400000000}","{'units': 528, 'nano': 400000000}",106976,True,1
2025-10-30 00:00:00+00:00,"{'units': 527, 'nano': 200000000}","{'units': 535, 'nano': 600000000}","{'units': 526, 'nano': 0}","{'units': 533, 'nano': 600000000}",37477,True,1
2025-10-31 00:00:00+00:00,"{'units': 534, 'nano': 800000000}","{'units': 538, 'nano': 600000000}","{'units': 525, 'nano': 200000000}","{'units': 527, 'nano': 0}",25154,True,1
2025-11-01 00:00:00+00:00,"{'units': 526, 'nano': 600000000}","{'units': 532, 'nano': 400000000}","{'units': 525, 'nano': 200000000}","{'units': 529, 'nano': 800000000}",11388,True,1
2025-11-03 00:00:00+00:00,"{'units': 527, 'nano': 600000000}","{'units': 533, 'nano': 800000000}","{'units': 527, 'nano': 200000000}","{'units': 528, 'nano': 0}",9635,True,1
2025-11-05 00:00:00+00:00,"{'units': 528, 'nano': 0}","{'units': 528, 'nano': 800000000}","{'units': 522, 'nano': 0}","{'units': 522, 'nano': 400000000}",17382,True,1
2025-11-06 00:00:00+00:00,"{'units': 523, 'nano': 200000000}","{'units': 524, 'nano': 800000000}","{'units': 515, 'nano': 400000000}","{'units': 521, 'nano': 0}",30579,True,1
2025-11-07 00:00:00+00:00,"{'units': 521, 'nano': 0}","{'units': 525, 'nano': 800000000}","{'units': 519, 'nano': 400000000}","{'units': 520, 'nano': 200000000}",33205,True,1
2025-11-08 00:00:00+00:00,"{'units': 521, 'nano': 200000000}","{'units': 524, 'nano': 200000000}","{'units': 520, 'nano': 200000000}","{'units': 524, 'nano': 0}",1977,True,1
2025-11-09 00:00:00+00:00,"{'units': 525, 'nano': 600000000}","{'units': 526, 'nano': 600000000}","{'units': 521, 'nano': 600000000}","{'units': 526, 'nano': 600000000}",4988,True,1
2025-11-10 00:00:00+00:00,"{'units': 527, 'nano': 600000000}","{'units': 530, 'nano': 0}","{'units': 520, 'nano': 800000000}","{'units': 523, 'nano': 0}",20820,True,1
2025-11-11 00:00:00+00:00,"{'units': 523, 'nano': 0}","{'units': 525, 'nano': 0}","{'units': 520, 'nano': 0}","{'units': 520, 'nano': 400000000}",13742,True,1
2025-11-12 00:00:00+00:00,"{'units': 520, 'nano': 600000000}","{'units': 523, 'nano': 200000000}","{'units': 519, 'nano': 0}","{'units': 522, 'nano': 800000000}",23243,True,1
2025-11-13 00:00:00+00:00,"{'units': 521, 'nano': 800000000}","{'units': 523, 'nano': 400000000}","{'units': 519, 'nano': 0}","{'units': 519, 'nano': 600000000}",15178,True,1
2025-11-14 00:00:00+00:00,"{'units': 519, 'nano': 600000000}","{'units': 523, 'nano': 0}","{'units': 518, 'nano': 800000000}","{'units': 522, 'nano': 400000000}",9122,True,1
2025-11-15 00:00:00+00:00,"{'units': 522, 'nano': 800000000}","{'units': 523, 'nano': 400000000}","{'units': 520, 'nano': 0}","{'units': 520, 'nano': 400000000}",1211,True,1
2025-11-16 00:00:00+00:00,"{'units': 520, 'nano': 600000000}","{'units': 522, 'nano': 800000000}","{'units': 519, 'nano': 600000000}","{'units': 522, 'nano': 0}",1210,True,1
2025-11-17 00:00:00+00:00,"{'units': 524, 'nano': 0}","{'units': 526, 'nano': 200000000}","{'units': 520, 'nano': 0}","{'units': 521, 'nano': 600000000}",22629,True,1
2025-11-18 00:00:00+00:00,"{'units': 522, 'nano': 600000000}","{'units': 526, 'nano': 400000000}","{'units': 518, 'nano': 400000000}","{'units': 522, 'nano': 600000000}",27096,True,1
2025-11-19 00:00:00+00:00,"{'units': 521, 'nano': 200000000}","{'units': 526, 'nano': 800000000}","{'units': 520, 'nano': 0}","{'units': 522, 'nano': 0}",37610,True,1
2025-11-20 00:00:00+00:00,"{'units': 521, 'nano': 200000000}","{'units': 526, 'nano': 200000000}","{'units': 519, 'nano': 0}","{'units': 520, 'nano': 400000000}",36223,True,1
2025-11-21 00:00:00+00:00,"{'units': 521, 'nano': 0}","{'units': 524, 'nano': 800000000}","{'units': 520, 'nano': 600000000}","{'units': 522, 'nano': 200000000}",54215,True,1
2025-11-24 00:00:00+00:00,"{'units': 522, 'nano': 200000000}","{'units': 529, 'nano': 0}","{'units': 520, 'nano': 200000000}","{'units': 526, 'nano': 200000000}",31035,True,1
2025-11-25 00:00:00+00:00,"{'units': 525, 'nano': 0}","{'units': 531, 'nano': 200000000}","{'units': 523, 'nano': 800000000}","{'units': 529, 'nano': 0}",45486,True,1
2025-11-26 00:00:00+00:00,"{'units': 530, 'nano': 800000000}","{'units': 530, 'nano': 800000000}","{'units': 527, 'nano': 400000000}","{'units': 529, 'nano': 200000000}",20795,True,1
2025-11-27 00:00:00+00:00,"{'units': 530, 'nano': 0}","{'units': 531, 'nano': 200000000}","{'units': 523, 'nano': 600000000}","{'units': 525, 'nano': 800000000}",34720,True,1
2025-11-28 00:00:00+00:00,"{'units': 527, 'nano': 400000000}","{'units': 530, 'nano': 600000000}","{'units': 521, 'nano': 0}","{'units': 528, 'nano': 200000000}",57454,True,1
2025-11-29 00:00:00+00:00,"{'units': 528, 'nano': 800000000}","{'units': 531, 'nano': 0}","{'units': 527, 'nano': 200000000}","{'units': 530, 'nano': 800000000}",9932,True,1
2025-11-30 00:00:00+00:00,"{'units': 530, 'nano': 800000000}","{'units': 544, 'nano': 0}","{'units': 530, 'nano': 200000000}","{'units': 544, 'nano': 0}",98476,True,1
2025-12-01 00:00:00+00:00,"{'units': 541, 'nano': 200000000}","{'units': 558, 'nano': 0}","{'units': 541, 'nano': 200000000}","{'units': 542, 'nano': 800000000}",279139,True,1
2025-12-02 00:00:00+00:00,"{'units': 537, 'nano': 0}","{'units': 539, 'nano': 400000000}","{'units': 531, 'nano': 0}","{'units': 532, 'nano': 800000000}",133796,True,1
2025-12-03 00:00:00+00:00,"{'units': 532, 'nano': 0}","{'units': 533, 'nano': 600000000}","{'units': 519, 'nano': 800000000}","{'units': 527, 'nano': 400000000}",67950,True,1
2025-12-04 00:00:00+00:00,"{'units': 526, 'nano': 200000000}","{'units': 533, 'nano': 0}","{'units': 526, 'nano': 200000000}","{'units': 530, 'nano': 200000000}",28498,True,1
2025-12-05 00:00:00+00:00,"{'units': 530, 'nano': 400000000}","{'units': 532, 'nano': 800000000}","{'units': 526, 'nano': 0}","{'units': 527, 'nano': 400000000}",56548,True,1
2025-12-08 00:00:00+00:00,"{'units': 528, 'nano': 200000000}","{'units': 532, 'nano': 0}","{'units': 522, 'nano': 600000000}","{'units': 524, 'nano': 800000000}",41812,True,1
2025-12-09 00:00:00+00:00,"{'units': 525, 'nano': 0}","{'units': 525, 'nano': 200000000}","{'units': 519, 'nano': 0}","{'units': 522, 'nano': 600000000}",54026,True,1
2025-12-10 00:00:00+00:00,"{'units': 523, 'nano': 400000000}","{'units': 523, 'nano': 400000000}","{'units': 520, 'nano': 400000000}","{'units': 521, 'nano': 400000000}",30325,True,1
2025-12-11 00:00:00+00:00,"{'units': 522, 'nano': 200000000}","{'units': 526, 'nano': 800000000}","{'units': 520, 'nano': 800000000}","{'units': 524, 'nano': 600000000}",45491,True,1
2025-12-12 00:00:00+00:00,"{'units': 525, 'nano': 0}","{'units': 526, 'nano': 200000000}","{'units': 516, 'nano': 0}","{'units': 519, 'nano': 600000000}",45735,True,1
2025-12-13 00:00:00+00:00,"{'units': 519, 'nano': 600000000}","{'units': 523, 'nano': 400000000}","{'units': 519, 'nano': 200000000}","{'units': 522, 'nano': 400000000}",3376,True,1
2025-12-14 00:00:00+00:00,"{'units': 522, 'nano': 400000000}","{'units': 535, 'nano': 200000000}","{'units': 520, 'nano': 0}","{'units': 530, 'nano': 200000000}",69199,True,1
2025-12-15 00:00:00+00:00,"{'units': 535, 'nano': 0}","{'units': 535, 'nano': 0}","{'units': 525, 'nano': 200000000}","{'units': 529, 'nano': 200000000}",68731,True,1
2025-12-16 00:00:00+00:00,"{'units': 528, 'nano': 600000000}","{'units': 531, 'nano': 800000000}","{'units': 525, 'nano': 200000000}","{'units': 528, 'nano': 0}",77132,True,1
2025-12-17 00:00:00+00:00,"{'units': 528, 'nano': 0}","{'units': 534, 'nano': 200000000}","{'units': 525, 'nano': 800000000}","{'units': 529, 'nano': 400000000}",98161,True,1
2025-12-18 00:00:00+00:00,"{'units': 529, 'nano': 200000000}","{'units': 533, 'nano': 400000000}","{'units': 527, 'nano': 0}","{'units': 532, 'nano': 0}",74817,True,1
2025-12-19 00:00:00+00:00,"{'units': 531, 'nano': 400000000}","{'units': 533, 'nano': 600000000}","{'units': 525, 'nano': 0}","{'units': 526, 'nano': 600000000}",67502,True,1
2025-12-20 00:00:00+00:00,"{'units': 527, 'nano': 600000000}","{'units': 529, 'nano': 200000000}","{'units': 526, 'nano': 600000000}","{'units': 528, 'nano': 400000000}",2548,True,1
2025-12-21 00:00:00+00:00,"{'units': 529, 'nano': 200000000}","{'units': 530, 'nano': 400000000}","{'units': 527, 'nano': 200000000}","{'units': 528, 'nano': 800000000}",4534,True,1
2025-12-22 00:00:00+00:00,"{'units': 528, 'nano': 0}","{'units': 529, 'nano': 200000000}","{'units': 518, 'nano': 0}","{'units': 518, 'nano': 600000000}",52028,True,1
2025-12-23 00:00:00+00:00,"{'units': 519, 'nano': 0}","{'units': 522, 'nano': 0}","{'units': 511, 'nano': 0}","{'units': 517, 'nano': 0}",42503,True,1
2025-12-24 00:00:00+00:00,"{'units': 515, 'nano': 0}","{'units': 516, 'nano': 400000000}","{'units': 511, 'nano': 0}","{'units': 514, 'nano': 800000000}",33649,True,1
2025-12-25 00:00:00+00:00,"{'units': 514, 'nano': 800000000}","{'units': 516, 'nano': 0}","{'units': 511, 'nano': 600000000}","{'units': 515, 'nano': 200000000}",35554,True,1
2025-12-26 00:00:00+00:00,"{'units': 514, 'nano': 800000000}","{'units': 533, 'nano': 0}","{'units': 512, 'nano': 600000000}","{'units': 526, 'nano': 800000000}",105082,True,1
2025-12-27 00:00:00+00:00,"{'units': 526, 'nano': 800000000}","{'units': 529, 'nano': 200000000}","{'units': 524, 'nano': 0}","{'units': 525, 'nano': 600000000}",13624,True,1
2025-12-28 00:00:00+00:00,"{'units': 525, 'nano': 600000000}","{'units': 526, 'nano': 400000000}","{'units': 522, 'nano': 200000000}","{'units': 526, 'nano': 200000000}",7276,True,1
2025-12-29 00:00:00+00:00,"{'units': 529, 'nano': 400000000}","{'units': 529, 'nano': 400000000}","{'units': 514, 'nano': 0}","{'units': 516, 'nano': 0}",87672,True,1
2025-12-30 00:00:00+00:00,"{'units': 517, 'nano': 800000000}","{'units': 521, 'nano': 0}","{'units': 516, 'nano': 0}","{'units': 517, 'nano': 200000000}",29865,True,1
2026-01-05 00:00:00+00:00,"{'units': 518, 'nano': 0}","{'units': 518, 'nano': 600000000}","{'units': 506, 'nano': 0}","{'units': 514, 'nano': 0}",38749,True,1
2026-01-06 00:00:00+00:00,"{'units': 517, 'nano': 0}","{'units': 521, 'nano': 600000000}","{'units': 514, 'nano': 200000000}","{'units': 520, 'nano': 0}",27342,True,1
2026-01-08 00:00:00+00:00,"{'units': 520, 'nano': 0}","{'units': 520, 'nano': 0}","{'units': 512, 'nano': 200000000}","{'units': 514, 'nano': 600000000}",16851,True,1
2026-01-09 00:00:00+00:00,"{'units': 514, 'nano': 800000000}","{'units': 528, 'nano': 400000000}","{'units': 513, 'nano': 0}","{'units': 523, 'nano': 400000000}",78617,True,1
2026-01-12 00:00:00+00:00,"{'units': 521, 'nano': 800000000}","{'units': 527, 'nano': 600000000}","{'units': 518, 'nano': 0}","{'units': 520, 'nano': 0}",52006,True,1
2026-01-13 00:00:00+00:00,"{'units': 520, 'nano': 800000000}","{'units': 524, 'nano': 200000000}","{'units': 515, 'nano': 600000000}","{'units': 519, 'nano': 800000000}",44836,True,1
2026-01-14 00:00:00+00:00,"{'units': 519, 'nano': 0}","{'units': 525, 'nano': 800000000}","{'units': 515, 'nano': 0}","{'units': 518, 'nano': 800000000}",35691,True,1
2026-01-15 00:00:00+00:00,"{'units': 518, 'nano': 600000000}","{'units': 521, 'nano': 200000000}","{'units': 515, 'nano': 800000000}","{'units': 518, 'nano': 400000000}",36328,True,1
2026-01-16 00:00:00+00:00,"{'units': 518, 'nano': 400000000}","{'units': 521, 'nano': 0}","{'units': 516, 'nano': 400000000}","{'units': 518, 'nano': 200000000}",54113,True,1
2026-01-17 00:00:00+00:00,"{'units': 518, 'nano': 200000000}","{'units': 519, 'nano': 800000000}","{'units': 517, 'nano': 200000000}","{'units': 518, 'nano': 200000000}",5273,True,1
2026-01-18 00:00:00+00:00,"{'units': 518, 'nano': 600000000}","{'units': 522, 'nano': 200000000}","{'units': 517, 'nano': 0}","{'units': 519, 'nano': 0}",17015,True,1
2026-01-19 00:00:00+00:00,"{'units': 518, 'nano': 400000000}","{'units': 521, 'nano': 200000000}","{'units': 515, 'nano': 0}","{'units': 518, 'nano': 0}",43890,True,1
2026-01-20 00:00:00+00:00,"{'units': 518, 'nano': 0}","{'units': 528, 'nano': 800000000}","{'units': 502, 'nano': 600000000}","{'units': 512, 'nano': 600000000}",230580,True,1
2026-01-21 00:00:00+00:00,"{'units': 513, 'nano': 600000000}","{'units': 516, 'nano': 400000000}","{'units': 510, 'nano': 200000000}","{'units': 513, 'nano': 800000000}",45799,True,1
2026-01-22 00:00:00+00:00,"{'units': 513, 'nano': 600000000}","{'units': 514, 'nano': 800000000}","{'units': 510, 'nano': 600000000}","{'units': 512, 'nano': 0}",46332,True,1
2026-01-23 00:00:00+00:00,"{'units': 512, 'nano': 200000000}","{'units': 512, 'nano': 400000000}","{'units': 508, 'nano': 200000000}","{'units': 511, 'nano': 0}",43577,True,1
2026-01-24 00:00:00+00:00,"{'units': 511, 'nano': 800000000}","{'units': 512, 'nano': 200000000}","{'units': 508, 'nano': 800000000}","{'units': 511, 'nano': 400000000}",11569,True,1
2026-01-25 00:00:00+00:00,"{'units': 512, 'nano': 0}","{'units': 513, 'nano': 400000000}","{'units': 510, 'nano': 800000000}","{'units': 512, 'nano': 600000000}",12580,True,1
2026-01-26 00:00:00+00:00,"{'units': 513, 'nano': 200000000}","{'units': 513, 'nano': 200000000}","{'units': 510, 'nano': 200000000}","{'units': 511, 'nano': 200000000}",26739,True,1
2026-01-27 00:00:00+00:00,"{'units': 511, 'nano': 200000000}","{'units': 512, 'nano': 800000000}","{'units': 508, 'nano': 800000000}","{'units': 510, 'nano': 200000000}",57714,True,1
2026-01-28 00:00:00+00:00,"{'units': 510, 'nano': 200000000}","{'units': 512, 'nano': 400000000}","{'units': 509, 'nano': 0}","{'units': 510, 'nano': 400000000}",56571,True,1
2026-01-29 00:00:00+00:00,"{'units': 510, 'nano': 400000000}","{'units': 515, 'nano': 0}","{'units': 509, 'nano': 0}","{'units': 512, 'nano': 800000000}",86582,True,1
2026-01-30 00:00:00+00:00,"{'units': 513, 'nano': 800000000}","{'units': 515, 'nano': 0}","{'units': 508, 'nano': 800000000}","{'units': 509, 'nano': 400000000}",55826,True,1
2026-01-31 00:00:00+00:00,"{'units': 510, 'nano': 400000000}","{'units': 511, 'nano': 400000000}","{'units': 509, 'nano': 800000000}","{'units': 511, 'nano': 400000000}",9257,True,1
2026-02-01 00:00:00+00:00,"{'units': 512, 'nano': 0}","{'units': 512, 'nano': 200000000}","{'units': 510, 'nano': 0}","{'units': 511, 'nano': 200000000}",6105,True,1
2026-02-02 00:00:00+00:00,"{'units': 510, 'nano': 200000000}","{'units': 515, 'nano': 0}","{'units': 509, 'nano': 200000000}","{'units': 512, 'nano': 0}",34396,True,1
2026-02-03 00:00:00+00:00,"{'units': 512, 'nano': 0}","{'units': 513, 'nano': 600000000}","{'units': 510, 'nano': 400000000}","{'units': 511, 'nano': 800000000}",37718,True,1
